Year,Country,GDP_pc,Population,polity2,GDP_USD,Trade,Log_GDP_pc,Colonised,Colonial_period,Post_colonial,Interaction_Colonial,Interaction_Post,Institutions,Log_Population
1820,Myanmar,803.0,3506.0,,,0.0,6.688354713946762,1,0,0,0,0,,8.16223106548118
1820,Thailand,909.0,4665.0,-10.0,,0.0,6.812345094177479,0,0,0,0,0,-10.0,8.447843113281444
1821,Myanmar,803.0,3520.2,,,0.0,6.688354713946762,1,0,0,0,0,,8.166273085159869
1821,Thailand,910.2,4683.833333333333,-10.0,,0.0,6.813664355582541,0,0,0,0,0,-10.0,8.451872141961008
1822,Myanmar,803.0,3534.4,,,0.0,6.688354713946762,1,0,0,0,0,,8.170298832665853
1822,Thailand,911.4,4702.666666666667,-10.0,,0.0,6.814981878829782,0,0,0,0,0,-10.0,8.455885002687832
1823,Myanmar,803.0,3548.6,,,0.0,6.688354713946762,1,0,0,0,0,,8.17430843848948
1823,Thailand,912.6,4721.5,-10.0,,0.0,6.816297668493302,0,0,0,0,0,-10.0,8.459881824703125
1824,Myanmar,803.0,3562.8,,,0.0,6.688354713946762,1,1,0,1,0,,8.178302031557715
1824,Thailand,913.8,4740.333333333333,-10.0,,0.0,6.817611729129171,0,1,0,0,0,-10.0,8.463862735704586
1825,Myanmar,803.0,3577.0,,,0.0,6.688354713946762,1,1,0,1,0,,8.182279739259018
1825,Thailand,915.0,4759.166666666667,-10.0,,0.0,6.818924065275521,0,1,0,0,0,-10.0,8.467827861870909
1826,Myanmar,,3591.2,,,0.0,,1,1,0,1,0,,8.186241687467723
1826,Thailand,,4778.0,-10.0,,0.0,,0,1,0,0,0,-10.0,8.471777327885755
1827,Myanmar,,3605.4,,,0.0,,1,1,0,1,0,,8.190188000567938
1827,Thailand,,4796.833333333333,-10.0,,0.0,,0,1,0,0,0,-10.0,8.475711256961297
1828,Myanmar,,3619.6,,,0.0,,1,1,0,1,0,,8.194118801476979
1828,Thailand,,4815.666666666667,-10.0,,0.0,,0,1,0,0,0,-10.0,8.479629770861271
1829,Myanmar,,3633.8,,,0.0,,1,1,0,1,0,,8.19803421166834
1829,Thailand,,4834.5,-10.0,,0.0,,0,1,0,0,0,-10.0,8.483532989923603
1830,Myanmar,,3648.0,,,0.0,,1,1,0,1,0,,8.201934351194222
1830,Thailand,,4853.333333333333,-10.0,,0.0,,0,1,0,0,0,-10.0,8.487421033082567
1831,Myanmar,,3662.2,,,0.0,,1,1,0,1,0,,8.205819338707613
1831,Thailand,,4872.166666666667,-10.0,,0.0,,0,1,0,0,0,-10.0,8.49129401789055
1832,Myanmar,,3676.4,,,0.0,,1,1,0,1,0,,8.209689291483954
1832,Thailand,,4891.0,-10.0,,0.0,,0,1,0,0,0,-10.0,8.495152060539358
1833,Myanmar,,3690.6,,,0.0,,1,1,0,1,0,,8.213544325442378
1833,Thailand,,4909.833333333333,-10.0,,0.0,,0,1,0,0,0,-10.0,8.498995275881148
1834,Myanmar,,3704.8,,,0.0,,1,1,0,1,0,,8.217384555166543
1834,Thailand,,4928.666666666667,-10.0,,0.0,,0,1,0,0,0,-10.0,8.502823777448937
1835,Myanmar,,3719.0,,,0.0,,1,1,0,1,0,,8.22121009392507
1835,Thailand,,4947.5,-10.0,,0.0,,0,1,0,0,0,-10.0,8.506637677476721
1836,Myanmar,,3733.2,,,0.0,,1,1,0,1,0,,8.225021053691592
1836,Thailand,,4966.333333333333,-10.0,,0.0,,0,1,0,0,0,-10.0,8.510437086919229
1837,Myanmar,,3747.4,,,0.0,,1,1,0,1,0,,8.228817545164413
1837,Thailand,,4985.166666666667,-10.0,,0.0,,0,1,0,0,0,-10.0,8.514222115471282
1838,Myanmar,,3761.6,,,0.0,,1,1,0,1,0,,8.232599677785805
1838,Thailand,,5004.0,-10.0,,0.0,,0,1,0,0,0,-10.0,8.517992871586802
1839,Myanmar,,3775.8,,,0.0,,1,1,0,1,0,,8.236367559760943
1839,Thailand,,5022.833333333333,-10.0,,0.0,,0,1,0,0,0,-10.0,8.52174946249745
1840,Myanmar,,3790.0,,,0.0,,1,1,0,1,0,,8.240121298076472
1840,Thailand,,5041.666666666667,-10.0,,0.0,,0,1,0,0,0,-10.0,8.525491994230933
1841,Myanmar,,3804.2,,,0.0,,1,1,0,1,0,,8.243860998518741
1841,Thailand,,5060.5,-10.0,,0.0,,0,1,0,0,0,-10.0,8.529220571628956
1842,Myanmar,,3818.4,,,0.0,,1,1,0,1,0,,8.247586765691686
1842,Thailand,,5079.333333333333,-10.0,,0.0,,0,1,0,0,0,-10.0,8.532935298364846
1843,Myanmar,,3832.6,,,0.0,,1,1,0,1,0,,8.251298703034395
1843,Thailand,,5098.166666666667,-10.0,,0.0,,0,1,0,0,0,-10.0,8.536636276960845
1844,Myanmar,,3846.8,,,0.0,,1,1,0,1,0,,8.254996912838326
1844,Thailand,,5117.0,-10.0,,0.0,,0,1,0,0,0,-10.0,8.540323608805092
1845,Myanmar,,3861.0,,,0.0,,1,1,0,1,0,,8.258681496264236
1845,Thailand,,5135.833333333333,-10.0,,0.0,,0,1,0,0,0,-10.0,8.543997394168288
1846,Myanmar,,3875.2,,,0.0,,1,1,0,1,0,,8.262352553358774
1846,Thailand,,5154.666666666667,-10.0,,0.0,,0,1,0,0,0,-10.0,8.547657732220058
1847,Myanmar,,3889.4,,,0.0,,1,1,0,1,0,,8.266010183070781
1847,Thailand,,5173.5,-10.0,,0.0,,0,1,0,0,0,-10.0,8.551304721045005
1848,Myanmar,,3903.6,,,0.0,,1,1,0,1,0,,8.269654483267306
1848,Thailand,,5192.333333333333,-10.0,,0.0,,0,1,0,0,0,-10.0,8.554938457658496
1849,Myanmar,,3917.8,,,0.0,,1,1,0,1,0,,8.2732855507493
1849,Thailand,,5211.166666666667,-10.0,,0.0,,0,1,0,0,0,-10.0,8.558559038022134
1850,Myanmar,,3932.0,,,0.0,,1,1,0,1,0,,8.276903481267057
1850,Thailand,,5230.0,-10.0,,0.0,,0,1,0,0,0,-10.0,8.56216655705897
1851,Myanmar,,3947.65,,,0.0,,1,1,0,1,0,,8.28087574414124
1851,Thailand,,5257.25,-10.0,,0.0,,0,1,0,0,0,-10.0,8.567363355328814
1852,Myanmar,,3963.3,,,0.0,,1,1,0,1,0,,8.284832290552417
1852,Thailand,,5284.5,-10.0,,0.0,,0,1,0,0,0,-10.0,8.572533286449403
1853,Myanmar,,3978.95,,,0.0,,1,1,0,1,0,,8.288773244376626
1853,Thailand,,5311.75,-10.0,,0.0,,0,1,0,0,0,-10.0,8.577676626795748
1854,Myanmar,,3994.6,,,0.0,,1,1,0,1,0,,8.292698728031072
1854,Thailand,,5339.0,-10.0,,0.0,,0,1,0,0,0,-10.0,8.582793648500186
1855,Myanmar,,4010.25,,,0.0,,1,1,0,1,0,,8.296608862496951
1855,Thailand,,5366.25,-10.0,,0.0,,0,1,0,0,0,-10.0,8.58788461953877
1856,Myanmar,,4025.9,,,0.0,,1,1,0,1,0,,8.300503767341826
1856,Thailand,,5393.5,-10.0,,0.0,,0,1,0,0,0,-10.0,8.592949803815484
1857,Myanmar,,4041.55,,,0.0,,1,1,0,1,0,,8.304383560741563
1857,Thailand,,5420.75,-10.0,,0.0,,0,1,0,0,0,-10.0,8.597989461244326
1858,Myanmar,,4057.2,,,0.0,,1,1,0,1,0,,8.30824835950184
1858,Thailand,,5448.0,-10.0,,0.0,,0,1,0,0,0,-10.0,8.60300384782935
1859,Myanmar,,4072.85,,,0.0,,1,1,0,1,0,,8.31209827907926
1859,Thailand,,5475.25,-10.0,,0.0,,0,1,0,0,0,-10.0,8.607993215742676
1860,Myanmar,,4088.5,,,106.0,,1,1,0,1,0,,8.315933433602032
1860,Thailand,,5502.5,-10.0,,64.0,,0,1,0,0,0,-10.0,8.612957813400616
1861,Myanmar,,4104.15,,,143.0,,1,1,0,1,0,,8.319753935890283
1861,Thailand,,5529.75,-10.0,,83.0,,0,1,0,0,0,-10.0,8.61789788553787
1862,Myanmar,,4119.8,,,104.0,,1,1,0,1,0,,8.323559897475969
1862,Thailand,,5557.0,-10.0,,44.0,,0,1,0,0,0,-10.0,8.622813673279921
1863,Myanmar,,4135.45,,,318.0,,1,1,0,1,0,,8.327351428622407
1863,Thailand,,5584.25,-10.0,,114.0,,0,1,0,0,0,-10.0,8.627705414213667
1864,Myanmar,,4151.1,,,423.0,,1,1,0,1,0,,8.331128638343449
1864,Thailand,,5611.5,-10.0,,160.0,,0,1,0,0,0,-10.0,8.632573342456311
1865,Myanmar,803.0,4166.75,,,527.0,6.688354713946762,1,1,0,1,0,,8.334891634422286
1865,Thailand,963.0,5638.75,-10.0,,3.0,6.870053411798126,0,1,0,0,0,-10.0,8.637417688722605
1866,Myanmar,803.0,4182.4,,,479.0,6.688354713946762,1,1,0,1,0,,8.338640523429902
1866,Thailand,964.2,5666.0,-10.0,,99.0,6.871298741971522,0,1,0,0,0,-10.0,8.642238680390461
1867,Myanmar,803.0,4198.05,,,278.0,6.688354713946762,1,1,0,1,0,,8.34237541074319
1867,Thailand,965.4,5693.25,-10.0,,122.0,6.872542523226392,0,1,0,0,0,-10.0,8.647036541564987
1868,Myanmar,803.0,4213.7,,,354.0,6.688354713946762,1,1,0,1,0,,8.346096400562711
1868,Thailand,966.6,5720.5,-10.0,,139.0,6.8737847594109835,0,1,0,0,0,-10.0,8.651811493140999
1869,Myanmar,803.0,4229.35,,,500.0,6.688354713946762,1,1,0,1,0,,8.349803595930155
1869,Thailand,967.8,5747.75,-10.0,,180.0,6.875025454359218,0,1,0,0,0,-10.0,8.656563752864045
1870,Myanmar,803.0,4245.0,,,370.0,6.688354713946762,1,1,0,1,0,,8.353497098745448
1870,Thailand,969.0,5775.0,-10.0,,172.0,6.876264611890766,0,1,0,0,0,-10.0,8.661293535389994
1871,Myanmar,813.0322580645161,4407.2,,,493.0,6.7007707865768,1,1,0,1,0,,8.390994846158506
1871,Thailand,983.05,5819.75,-10.0,,124.0,6.890659983553499,0,1,0,0,0,-10.0,8.669012584476416
1872,Myanmar,823.0645161290323,4569.4,,,546.0,6.713034589012926,1,1,0,1,0,,8.427137184240383
1872,Thailand,997.1,5864.5,-10.0,,135.0,6.904851065834747,0,1,0,0,0,-10.0,8.67667250596156
1873,Myanmar,833.0967741935484,4731.6,,,806.0,6.725149810921451,1,1,0,1,0,,8.462018690671583
1873,Thailand,1011.15,5909.25,-10.0,,58.0,6.918843575967558,0,1,0,0,0,-10.0,8.684274198793908
1874,Myanmar,843.1290322580645,4893.8,,,910.0,6.737120009465709,1,1,0,1,0,,8.495724376800585
1874,Thailand,1025.2,5954.0,-10.0,,133.0,6.932642994489916,0,1,0,0,0,-10.0,8.691818541575723
1875,Myanmar,853.1612903225806,5056.0,,,751.0,6.748948615575659,1,1,0,1,0,,8.528330935826693
1875,Thailand,1039.25,5998.75,-10.0,,261.0,6.946254578132747,0,1,0,0,0,-10.0,8.699306393172455
1876,Myanmar,,5218.2,,,809.0,,1,1,0,1,0,,8.559907793823774
1876,Thailand,,6043.5,-10.0,,281.0,,0,1,0,0,0,-10.0,8.706738593299512
1877,Myanmar,,5380.4,,,795.0,,1,1,0,1,0,,8.590517999834427
1877,Thailand,,6088.25,-10.0,,207.0,,0,1,0,0,0,-10.0,8.714115963087364
1878,Myanmar,,5542.6,,,650.0,,1,1,0,1,0,,8.620218983727344
1878,Thailand,,6133.0,-10.0,,158.0,,0,1,0,0,0,-10.0,8.721439305625983
1879,Myanmar,,5704.8,,,725.0,,1,1,0,1,0,,8.649063204714095
1879,Thailand,,6177.75,-10.0,,269.0,,0,1,0,0,0,-10.0,8.728709406489468
1880,Myanmar,,5867.0,,,816.0,,1,1,0,1,0,,8.67709870892586
1880,Thailand,,6222.5,-10.0,,230.0,,0,1,0,0,0,-10.0,8.735927034241747
1881,Myanmar,,6029.2,,,941.0,,1,1,0,1,0,,8.704369610936373
1881,Thailand,,6267.25,-10.0,,249.0,,0,1,0,0,0,-10.0,8.743092940924164
1882,Myanmar,,6191.4,,,1050.0,,1,1,0,1,0,,8.730916511349724
1882,Thailand,,6312.0,-10.0,,223.0,,0,1,0,0,0,-10.0,8.750207862525711
1883,Myanmar,,6353.6,,,1194.0,,1,1,0,1,0,,8.756776860376988
1883,Thailand,,6356.75,-10.0,,176.0,,0,1,0,0,0,-10.0,8.757272519436649
1884,Myanmar,,6515.799999999999,,,951.0,,1,1,0,1,0,,8.781985275573772
1884,Thailand,,6401.5,-10.0,,316.0,,0,1,0,0,0,-10.0,8.764287616886234
1885,Myanmar,,6678.0,,,759.0,,1,1,0,1,0,,8.8065738205036
1885,Thailand,1179.75,6446.25,-10.0,,247.0,7.073057830606497,0,1,0,0,0,-10.0,8.771253845365168
1886,Myanmar,,6840.2,,,1078.0,,1,1,0,1,0,,8.830572249955205
1886,Thailand,1193.8,6491.0,-10.0,,242.0,7.084896775734549,0,1,0,0,0,-10.0,8.778171881033469
1887,Myanmar,,7002.4,,,1028.0,,1,1,0,1,0,,8.854008226418228
1887,Thailand,1207.85,6535.75,-10.0,,442.0,7.0965971985993255,0,1,0,0,0,-10.0,8.785042386114299
1888,Myanmar,,7164.6,,,1007.0,,1,1,0,1,0,,8.876907511767394
1888,Thailand,1221.9,6580.5,-10.0,,504.0,7.108162303322477,0,1,0,0,0,-10.0,8.79186600927438
1889,Myanmar,,7326.799999999999,,,796.0,,1,1,0,1,0,,8.899294137486061
1889,Thailand,1235.95,6625.25,-10.0,,339.0,7.119595184124955,0,1,0,0,0,-10.0,8.7986433859915
1890,Myanmar,,7489.0,,,1027.0,,1,1,0,1,0,,8.921190556249368
1890,Thailand,1250.0,6670.0,-10.0,,539.0,7.1308988302963465,0,1,0,0,0,-10.0,8.80537513890967
1891,Myanmar,,7757.5,,,1381.0,,1,1,0,1,0,,8.956415396322535
1891,Thailand,1253.9565217391305,6735.0,-10.0,,253.0,7.1340590489324045,0,1,0,0,0,-10.0,8.815073088844464
1892,Myanmar,,8026.0,,,1279.0,,1,1,0,1,0,,8.990441550826862
1892,Thailand,1257.9130434782608,6800.0,-10.0,,238.0,7.137209312040022,0,1,0,0,0,-10.0,8.824677891164198
1893,Myanmar,,8294.5,,,1039.0,,1,1,0,1,0,,9.023347923532329
1893,Thailand,1261.8695652173913,6865.0,-10.0,,887.0,7.14034968214739,0,1,0,0,0,-10.0,8.834191318202071
1894,Myanmar,,8563.0,,,886.0,,1,1,0,1,0,,9.055205875026193
1894,Thailand,1265.8260869565217,6930.0,-10.0,,588.0,7.143480221195457,0,1,0,0,0,-10.0,8.84361509218395
1895,Myanmar,,8831.5,,,1282.0,,1,1,0,1,0,,9.086080154595498
1895,Thailand,1269.7826086956522,6995.0,-10.0,,548.0,7.14660099054526,0,1,0,0,0,-10.0,8.852950887099581
1896,Myanmar,1063.8387096774195,9100.0,,,1382.0,6.969639069761827,1,1,0,1,0,,9.116029692504942
1896,Thailand,,7060.0,-10.0,,536.0,,0,1,0,0,0,-10.0,8.862200330487287
1897,Myanmar,1073.8709677419356,9368.5,,,1085.0,6.979025126083925,1,1,0,1,0,,9.145108277038567
1897,Thailand,,7125.0,-10.0,,667.0,,0,1,0,0,0,-10.0,8.871365005136852
1898,Myanmar,1083.9032258064517,9637.0,,,1118.0,6.988323902928035,1,1,0,1,0,,9.173365135851288
1898,Thailand,,7190.0,-10.0,,618.0,,0,1,0,0,0,-10.0,8.880446450715093
1899,Myanmar,1093.9354838709678,9905.5,,,1451.0,6.997537008547327,1,1,0,1,0,,9.200845437414381
1899,Thailand,,7255.0,-10.0,,510.0,,0,1,0,0,0,-10.0,8.889446165318288
1900,Myanmar,1103.967741935484,10174.0,,,1215.0,7.006666007148812,1,1,0,1,0,,9.22759072538271
1900,Thailand,,7320.0,-10.0,,465.0,,0,1,0,0,0,-10.0,8.898365606955357
1901,Myanmar,1114.0,10490.0,,,1201.0,7.01571242048723,1,1,0,1,0,,9.258177701390343
1901,Thailand,,7413.0,-10.0,,767.0,,0,1,0,0,0,-10.0,8.910990494656719
1902,Myanmar,1071.6,10642.0,,,1360.0,6.976908137670454,1,1,0,1,0,,9.272563715156315
1902,Thailand,,7507.0,-10.0,,895.0,,0,1,0,0,0,-10.0,8.923591197573002
1903,Myanmar,1029.2,10796.0,,,2411.0,6.936537080407589,1,1,0,1,0,,9.286930974137896
1903,Thailand,,7602.0,-10.0,,656.0,,0,1,0,0,0,-10.0,8.936166649549195
1904,Myanmar,986.8,10953.0,,,2411.0,6.894467384655202,1,1,0,1,0,,9.301368670323747
1904,Thailand,,7699.0,-10.0,,947.0,,0,1,0,0,0,-10.0,8.94884572927805
1905,Myanmar,944.4,11112.0,,,2411.0,6.850549805211358,1,1,0,1,0,,9.31578088443418
1905,Thailand,,7797.0,-10.0,,451.0,,0,1,0,0,0,-10.0,8.9614943233096
1906,Myanmar,902.0,11273.0,,,2411.0,6.804614520062624,1,1,0,1,0,,9.330165765044532
1906,Thailand,,7896.0,-10.0,,967.0,,0,1,0,0,0,-10.0,8.974111581113318
1907,Myanmar,915.2,11437.0,,,2411.0,6.8191426206255334,1,1,0,1,0,,9.344608992781216
1907,Thailand,,7996.0,-10.0,,963.0,,0,1,0,0,0,-10.0,8.98669669562029
1908,Myanmar,928.4,11603.0,,,2411.0,6.833462674400282,1,1,0,1,0,,9.359018964347545
1908,Thailand,1321.2173913043478,8098.0,-10.0,,891.0,7.186308856693962,0,1,0,0,0,-10.0,8.999372396592106
1909,Myanmar,941.6,11771.0,,,2411.0,6.847580555946067,1,1,0,1,0,,9.37339415841248
1909,Thailand,1325.1739130434783,8201.0,-10.0,,1028.0,7.189298984934275,0,1,0,0,0,-10.0,9.012011377036412
1910,Myanmar,954.8,11942.0,,,2411.0,6.861501894464675,1,1,0,1,0,,9.387816877106937
1910,Thailand,1329.1304347826087,8305.0,-10.0,,1067.0,7.19228019895573,0,1,0,0,0,-10.0,9.024613022047395
1911,Myanmar,968.0,12115.0,,,2411.0,6.875232087276577,1,1,0,1,0,,9.402199633250627
1911,Thailand,1333.086956521739,8431.0,-10.0,,1173.0,7.195252551750813,0,1,0,0,0,-10.0,9.039670667922676
1912,Myanmar,1030.0,12220.0,,,2411.0,6.937314081223682,1,1,0,1,0,,9.410829232725586
1912,Thailand,1337.0434782608695,8559.0,-10.0,,703.0,7.198216095840869,0,1,0,0,0,-10.0,9.05473863988161
1913,Myanmar,1092.0,12326.0,,,2411.0,6.9957661563048505,1,1,0,1,0,,9.419466131522189
1913,Thailand,1341.0,8689.0,-10.0,,659.0,7.201170883281678,0,1,0,0,0,-10.0,9.069813136839207
1914,Myanmar,1165.3333333333333,12433.0,,,2411.0,7.060762448107316,1,1,0,1,0,,9.428109506952937
1914,Thailand,1336.1875,8822.0,-10.0,,1315.0,7.197575688560627,0,1,0,0,0,-10.0,9.085003880664885
1915,Myanmar,1238.6666666666667,12541.0,,,0.0,7.12179081126562,1,1,0,1,0,,9.43675855582405
1915,Thailand,1331.375,8957.0,-10.0,,0.0,7.19396752176333,0,1,0,0,0,-10.0,9.100190628475195
1916,Myanmar,1312.0,12650.0,,,0.0,7.179307969504034,1,1,0,1,0,,9.445412494155667
1916,Thailand,1326.5625,9094.0,-10.0,,0.0,7.190346288939767,0,1,0,0,0,-10.0,9.115370134384955
1917,Myanmar,1276.2,12760.0,,,0.0,7.151642191434247,1,1,0,1,0,,9.454070556898781
1917,Thailand,1321.75,9232.0,-10.0,,0.0,7.186711895115559,0,1,0,0,0,-10.0,9.13043098874788
1918,Myanmar,1240.4,12871.0,,,0.0,7.123189187226294,1,1,0,1,0,,9.462731997649378
1918,Thailand,1316.9375,9418.0,-10.0,,0.0,7.183064244277026,0,1,0,0,0,-10.0,9.1503780308035
1919,Myanmar,1204.6,12893.0,,,0.0,7.093902840609621,1,1,0,1,0,,9.464439807410837
1919,Thailand,,9608.0,-10.0,,0.0,,0,1,0,0,0,-10.0,9.170351363759819
1920,Myanmar,1168.8,13096.0,,,0.0,7.06373286043649,1,1,0,1,0,,9.48006211905097
1920,Thailand,,9802.0,-10.0,,0.0,,0,1,0,0,0,-10.0,9.190341725469493
1921,Myanmar,1133.0,13212.0,,,0.0,7.0326242610280065,1,1,0,1,0,,9.48888078651068
1921,Thailand,,10000.0,-10.0,,0.0,,0,1,0,0,0,-10.0,9.210340371976184
1922,Myanmar,1166.0,13351.0,,,0.0,7.061334366910438,1,1,0,1,0,,9.499346567390095
1922,Thailand,,10202.0,-10.0,,0.0,,0,1,0,0,0,-10.0,9.230339058482873
1923,Myanmar,1199.0,13491.0,,,0.0,7.089243155027514,1,1,0,1,0,,9.509778075438817
1923,Thailand,,10435.0,-10.0,,0.0,,0,1,0,0,0,-10.0,9.252920819511301
1924,Myanmar,1232.0,13633.0,,,0.0,7.116394144093465,1,1,0,1,0,,9.520248603186129
1924,Thailand,1288.0625,10673.0,-10.0,,0.0,7.1608944303317275,0,1,0,0,0,-10.0,9.275472466913964
1925,Myanmar,1265.0,13776.0,,,0.0,7.142827401161621,1,1,0,1,0,,9.530683226667511
1925,Thailand,1283.25,10916.0,-10.0,,0.0,7.157151201440413,0,1,0,0,0,-10.0,9.29798488182823
1926,Myanmar,1298.0,13921.0,,,0.0,7.168579897264035,1,1,0,1,0,,9.541153770388567
1926,Thailand,1278.4375,11165.0,-10.0,,0.0,7.153393908123718,0,1,0,0,0,-10.0,9.320539164274258
1927,Myanmar,1326.0,14067.0,,,0.0,7.189922170745808,1,1,0,1,0,,9.551586907757695
1927,Thailand,1273.625,11419.0,-10.0,,0.0,7.149622444294449,0,1,0,0,0,-10.0,9.343033913701648
1928,Myanmar,1354.0,14215.0,,,0.0,7.21081845347222,1,1,0,1,0,,9.5620530240851
1928,Thailand,1268.8125,11734.0,-10.0,,0.0,7.145836702660554,0,1,0,0,0,-10.0,9.370245889485805
1929,Myanmar,1382.0,14364.0,,,0.0,7.231287004327616,1,1,0,1,0,,9.572480355345974
1929,Thailand,1264.0,12058.0,-10.0,,0.0,7.142036574706803,0,1,0,0,0,-10.0,9.397483619049352
1930,Myanmar,1410.0,14515.0,,,0.0,7.251344983372214,1,1,0,1,0,,9.58293787645873
1930,Thailand,1269.888888888889,12392.0,-10.0,,0.0,7.146684686561379,0,1,0,0,0,-10.0,9.424806382096705
1931,Myanmar,1438.0,14667.0,,,0.0,7.271008538280992,1,1,0,1,0,,9.593355351246755
1931,Thailand,1275.7777777777778,12735.0,-10.0,,0.0,7.1513112933913625,0,1,0,0,0,-10.0,9.452109387413557
1932,Myanmar,1417.6,14870.0,,,0.0,7.256720579850817,1,1,0,1,0,,9.6071010394542
1932,Thailand,1281.6666666666667,13087.0,-10.0,,0.0,7.155916593271635,0,1,0,0,0,-10.0,9.479374650055481
1933,Myanmar,1397.2,15075.0,,,0.0,7.242225512932677,1,1,0,1,0,,9.620793021595386
1933,Thailand,1287.5555555555557,13399.0,-10.0,,0.0,7.160500781553021,0,1,0,0,0,-10.0,9.502935356288608
1934,Myanmar,1376.8,15283.0,,,0.0,7.22751724489733,1,1,0,1,0,,9.634496378527837
1934,Thailand,1293.4444444444443,13718.0,-10.0,,0.0,7.165064050912021,0,1,0,0,0,-10.0,9.526464118059266
1935,Myanmar,1356.4,15494.0,,,0.0,7.212589410251484,1,1,0,1,0,,9.648208131191847
1935,Thailand,1299.3333333333333,14045.0,-3.0,,0.0,7.169606591399396,0,1,0,0,0,-3.0,9.550021739538344
1936,Myanmar,1336.0,15708.0,,,0.0,7.197435354096591,1,1,0,1,0,,9.661925415697901
1936,Thailand,1305.2222222222222,14379.0,-3.0,,0.0,7.174128590487666,0,1,0,0,0,-3.0,9.57352408782774
1937,Myanmar,1258.0,15925.0,,,0.0,7.1372784372603855,1,1,0,1,0,,9.675645480440364
1937,Thailand,1311.111111111111,14721.0,-3.0,,0.0,7.178630233117537,0,1,0,0,0,-3.0,9.597030324758013
1938,Myanmar,1180.0,16145.0,,,0.0,7.07326971745971,1,1,0,1,0,,9.689365683192376
1938,Thailand,1317.0,14980.0,-3.0,,0.0,7.183111701743281,0,1,0,0,0,-3.0,9.61447125707121
1939,Myanmar,1134.25,16368.0,,,0.0,7.033726918544073,1,1,0,1,0,,9.703083488191409
1939,Thailand,1315.75,15244.0,-3.0,,0.0,7.182162124233888,0,1,0,0,0,-3.0,9.63194126199375
1940,Myanmar,1088.5,16594.0,,,0.0,6.992555880674602,1,1,0,1,0,,9.716796463224231
1940,Thailand,1314.5,15513.0,-3.0,,0.0,7.181211644169936,0,1,0,0,0,-3.0,9.64943366106433
1941,Myanmar,1042.75,16824.0,,,0.0,6.949616733077055,1,1,0,1,0,,9.730561717382535
1941,Thailand,1313.25,15787.0,-3.0,,0.0,7.180260259834071,0,1,0,0,0,-3.0,9.666942095531727
1942,Myanmar,997.0,16727.0,,,0.0,6.904750769961838,1,1,0,1,0,,9.724779459312009
1942,Thailand,1312.0,16060.0,-3.0,,0.0,7.179307969504034,0,1,0,0,0,-3.0,9.684086987500752
1943,Myanmar,951.25,16908.0,,,0.0,6.857776909175896,1,1,0,1,0,,9.73554216168668
1943,Thailand,1310.75,16462.0,-3.0,,0.0,7.178354771452642,0,1,0,0,0,-3.0,9.70880997353259
1944,Myanmar,,17090.0,,,0.0,,1,1,0,1,0,,9.746248776109637
1944,Thailand,,16868.0,-3.0,,0.0,,0,1,0,0,0,-3.0,9.73317361486645
1945,Myanmar,859.75,17272.0,,,0.0,6.7566416493123755,1,1,0,1,0,,9.756841972194643
1945,Thailand,1308.25,17284.0,-3.0,,0.0,7.1764456452523175,0,1,0,0,0,-3.0,9.757536497051824
1946,Myanmar,814.0,17454.0,,,0.0,6.70196036600254,1,1,0,1,0,,9.767324127723256
1946,Thailand,1307.0,17710.0,-3.0,,0.0,7.175489713624222,0,1,0,0,0,-3.0,9.781884730776879
1947,Myanmar,768.25,17636.0,,,0.0,6.644115201010594,1,1,0,1,0,,9.777697546477828
1947,Thailand,1305.75,18148.0,-3.0,,0.0,7.174532867316408,0,1,0,0,0,-3.0,9.806315640783854
1948,Myanmar,722.5,17818.0,6.0,,0.0,6.582717419986587,1,1,0,1,0,6.0,9.78796446128059
1948,Thailand,1304.5,18569.0,-3.0,,0.0,7.173575104576783,0,1,0,0,0,-3.0,9.829248802600596
1949,Myanmar,676.75,18000.0,6.0,,0.0,6.517301928494411,1,0,1,0,1,6.0,9.798127036878302
1949,Thailand,1303.25,19000.0,-3.0,,0.0,7.172616423648216,0,0,1,0,0,-3.0,9.852194258148577
1950,Myanmar,631.0,19487.657,6.0,,0.0,6.447305862541213,1,0,1,0,1,6.0,9.87753656978002
1950,Thailand,1302.0,20041.628,-3.0,,0.0,7.171656822768514,0,0,1,0,0,-3.0,9.905566789424162
1951,Myanmar,711.0,19788.256,6.0,,0.0,6.566672429803241,1,0,1,0,1,6.0,9.892843909397532
1951,Thailand,1353.0,20653.334,-3.0,,0.0,7.210079628170788,0,0,1,0,0,-3.0,9.935632038141584
1952,Myanmar,716.0,20093.491,6.0,,0.0,6.573680166960646,1,0,1,0,1,6.0,9.908151210756865
1952,Thailand,1385.0,21289.402,-6.0,,0.0,7.233455418621439,0,0,1,0,0,-6.0,9.965964669188674
1953,Myanmar,724.0,20403.435,6.0,,0.0,6.584791392385716,1,0,1,0,1,6.0,9.923458548010531
1953,Thailand,1490.0,21964.158,-6.0,,0.0,7.306531398939505,0,0,1,0,0,-6.0,9.9971672219624
1954,Myanmar,668.0,20722.16,6.0,,0.0,6.504288173536645,1,0,1,0,1,6.0,9.938958938044316
1954,Thailand,1431.0,22684.974,-6.0,,0.0,7.266128779556451,0,0,1,0,0,-6.0,10.029458045965603
1955,Myanmar,744.0,21049.927,6.0,,0.0,6.612041034833092,1,0,1,0,1,6.0,9.954652371171022
1955,Thailand,1506.0,23451.316,-3.0,,0.0,7.317212408359839,0,0,1,0,0,-3.0,10.062681891702775
1956,Myanmar,781.0,21387.025,6.0,,0.0,6.660575149839686,1,0,1,0,1,6.0,9.970539708719455
1956,Thailand,1482.0,24244.475,-3.0,,0.0,7.301147805856032,0,0,1,0,0,-3.0,10.095944035355734
1957,Myanmar,813.0,21733.717,6.0,,0.0,6.70073110954781,1,0,1,0,1,6.0,9.986620112465049
1957,Thailand,1451.0,25041.917,-3.0,,0.0,7.280008252884188,0,0,1,0,0,-3.0,10.128306379791645
1958,Myanmar,778.0,22090.294,1.0,,0.0,6.656726524178391,1,0,1,0,1,1.0,10.002893605515276
1958,Thailand,1457.0,25845.443,-7.0,,0.0,7.284134806195205,0,0,1,0,0,-7.0,10.1598895781294
1959,Myanmar,885.0,22458.612,1.0,,0.0,6.785587645007929,1,0,1,0,1,1.0,10.019429427629474
1959,Thailand,1581.0,26667.243,-7.0,,0.0,7.365812837209472,0,0,1,0,0,-7.0,10.191191237254362
1960,Myanmar,899.0,22839.044,5.0,545098447.640862,0.0,6.80128303447162,1,0,1,0,1,5.0,10.036226806501649
1960,Thailand,1718.0,27512.75,-7.0,2760750860.62197,0.0,7.4489161025442,0,0,1,0,0,-7.0,10.222404812572169
1961,Myanmar,904.0,23232.014,5.0,605581577.287066,0.0,6.806829360392176,1,0,1,0,1,5.0,10.053286520241421
1961,Thailand,1753.0,28376.096,-7.0,3034037810.96795,0.0,7.469083884921234,0,0,1,0,0,-7.0,10.253302379588417
1962,Myanmar,966.0,23637.928,-6.0,634528872.02036,0.0,6.873163834212518,1,0,1,0,1,-6.0,10.070607819624573
1962,Thailand,1831.0,29263.397,-7.0,3308912796.93487,0.0,7.5126175446745105,0,0,1,0,0,-7.0,10.284092764896206
1963,Myanmar,977.0,24057.245,-6.0,598998418.724583,0.0,6.884486652042782,1,0,1,0,1,-6.0,10.088191477569266
1963,Thailand,1921.0,30173.764,-7.0,3540403456.55305,0.0,7.560601162768557,0,0,1,0,0,-7.0,10.314728084066324
1964,Myanmar,976.0,24490.203,-7.0,411419905.846621,0.0,6.883462586413092,1,0,1,0,1,-7.0,10.10602843900945
1964,Thailand,1991.0,31106.615,-7.0,3889129942.30769,0.0,7.596392304064196,0,0,1,0,0,-7.0,10.345175776514314
1965,Myanmar,983.0,24937.268,-7.0,367053117.224523,0.0,6.890609120147166,1,0,1,0,1,-7.0,10.124118670330798
1965,Thailand,2085.0,32061.978,-7.0,4388937649.03846,0.0,7.642524134232902,0,0,1,0,0,-7.0,10.375426121078839
1966,Myanmar,925.0,25398.927,-7.0,293103478.548483,0.0,6.829793737512425,1,0,1,0,1,-7.0,10.142462208019833
1966,Thailand,2251.0,33035.794,-7.0,5279230817.30769,0.0,7.719129840906732,0,0,1,0,0,-7.0,10.40534691928942
1967,Myanmar,934.0,25875.687,-7.0,420359035.897436,0.0,6.839476438228843,1,0,1,0,1,-7.0,10.161059080939843
1967,Thailand,2369.0,34024.249,-7.0,5638461442.30769,0.0,7.7702232041587855,0,0,1,0,0,-7.0,10.434828755270198
1968,Myanmar,976.0,26368.073,-7.0,559956130.283622,0.0,6.883462586413092,1,0,1,0,1,-7.0,10.179909201212647
1968,Thailand,2488.0,35028.438,-7.0,6081009427.88461,0.0,7.81923445385907,0,0,1,0,0,-7.0,10.463915524846225
1969,Myanmar,998.0,26873.709,-7.0,571854214.589142,0.0,6.905753276311464,1,0,1,0,1,-7.0,10.198903727066838
1969,Thailand,2608.0,36049.959,2.0,6695336567.30769,0.0,7.866338923046544,0,0,1,0,0,2.0,10.492661005403155
1970,Myanmar,1023.0,27392.973,-7.0,563555630.769545,0.0,6.930494765951626,1,0,1,0,1,-7.0,10.218041799630695
1970,Thailand,2700.0,37090.871,2.0,7086538437.5,0.0,7.90100705199242,0,0,1,0,0,2.0,10.521126153626616
1971,Myanmar,1036.0,27926.302,-7.0,587448405.488773,0.0,6.943122422819428,1,0,1,0,1,-7.0,10.237324247738588
1971,Thailand,2750.0,38201.901,-7.0,7375000024.03846,0.0,7.919356190660617,0,0,1,0,0,-7.0,10.550640557754365
1972,Myanmar,1023.0,28474.102,-7.0,662213082.741535,0.0,6.930494765951626,1,0,1,0,1,-7.0,10.256750251382629
1972,Thailand,2786.0,39276.153,-7.0,8177873151.04224,0.0,7.932362154339751,0,0,1,0,0,-7.0,10.578372819790301
1973,Myanmar,1001.0,29234.935,-7.0,719754655.358964,0.0,6.90875477931522,1,0,1,0,1,-7.0,10.28311967724489
1973,Thailand,2987.0,40302.225,-7.0,10838587357.7466,0.0,8.00202481821611,0,0,1,0,0,-7.0,10.604161957328822
1974,Myanmar,1033.0,29798.623,-9.0,1225589878.06809,0.0,6.940222469119639,1,0,1,0,1,-9.0,10.30221746337218
1974,Thailand,3045.0,41305.651,3.0,13702998512.4492,0.0,8.021256180143997,0,0,1,0,0,3.0,10.628754597676183
1975,Myanmar,1057.0,30335.029,-9.0,1061107353.67232,0.0,6.963189985870238,1,0,1,0,1,-9.0,10.32005839636737
1975,Thailand,3123.0,42272.0,3.0,14882770593.9796,0.0,8.046549357283078,0,0,1,0,0,3.0,10.651880207322051
1976,Myanmar,1103.0,30871.589,-9.0,1204699849.12592,0.0,7.005789019253503,1,0,1,0,1,-9.0,10.337591590094371
1976,Thailand,3333.0,43221.022,-7.0,16985208648.2112,0.0,8.11162807830774,0,0,1,0,0,-7.0,10.674082276241275
1977,Myanmar,1148.0,31407.912,-9.0,873579931.929901,0.0,7.045776576879511,1,0,1,0,1,-9.0,10.35481511467839
1977,Thailand,3585.0,44148.285,-7.0,19779312261.3155,0.0,8.184513753033722,0,0,1,0,0,-7.0,10.695309360430514
1978,Myanmar,1205.0,31863.413,-9.0,935408774.951918,0.0,7.094234845924755,1,0,1,0,1,-9.0,10.369213702648107
1978,Thailand,3861.0,45056.957,2.0,24006566636.6855,0.0,8.258681496264236,0,0,1,0,0,2.0,10.715682679526518
1979,Myanmar,1240.0,32405.341,-9.0,952265043.438383,0.0,7.122866658599083,1,0,1,0,1,-9.0,10.386078533873878
1979,Thailand,3979.0,46003.776,2.0,27371650824.5092,0.0,8.288785810426928,0,0,1,0,0,2.0,10.736478759058803
1980,Myanmar,1320.0,33061.428,-9.0,1038225167.05882,0.0,7.1853870155804165,1,0,1,0,1,-9.0,10.40612256463455
1980,Thailand,4071.0,47025.764,2.0,32353514988.7287,0.0,8.31164394850298,0,0,1,0,0,2.0,10.758450900714555
1981,Myanmar,1369.0,33669.419,-9.0,1111000765.28987,0.0,7.221835825288449,1,0,1,0,1,-9.0,10.424345256288984
1981,Thailand,4230.0,47936.504,2.0,34846039193.6131,0.0,8.349957272040324,0,0,1,0,0,2.0,10.777632580840312
1982,Myanmar,1417.0,34306.454,-9.0,1481165467.83214,0.0,7.256297239690681,1,0,1,0,1,-9.0,10.44308877871885
1982,Thailand,4375.0,48827.16,2.0,36589772403.7566,0.0,8.383661798791715,0,0,1,0,0,2.0,10.796041994397672
1983,Myanmar,1451.0,34980.263,-9.0,1381573615.2513,0.0,7.280008252884188,1,0,1,0,1,-9.0,10.462539267126376
1983,Thailand,4538.0,49694.245,2.0,40042798388.4951,0.0,8.420241665339788,0,0,1,0,0,2.0,10.813644410611376
1984,Myanmar,1492.0,35670.645,-9.0,1304063253.04136,0.0,7.307872780763706,1,0,1,0,1,-9.0,10.482083360611655
1984,Thailand,4720.0,50533.778,2.0,41797647775.6238,0.0,8.459564078579602,0,0,1,0,0,2.0,10.830397262955879
1985,Myanmar,1506.0,36345.622,-9.0,1478908173.26796,0.0,7.317212408359839,1,0,1,0,1,-9.0,10.500829035543104
1985,Thailand,4862.0,51341.809,2.0,38900711332.5373,0.0,8.48920515487607,0,0,1,0,0,2.0,10.846260689488046
1986,Myanmar,1465.0,36997.574,-9.0,1582873750.32068,0.0,7.289610521451167,1,0,1,0,1,-9.0,10.518607621909148
1986,Thailand,5053.0,52129.476,2.0,43096773980.8569,0.0,8.527737405291909,0,0,1,0,0,2.0,10.86148582591804
1987,Myanmar,1382.0,37625.379,-9.0,1562448076.65689,0.0,7.231287004327616,1,0,1,0,1,-9.0,10.535434075090144
1987,Thailand,5453.0,52910.342,2.0,50535446554.8769,0.0,8.60392119492606,0,0,1,0,0,2.0,10.87635409968375
1988,Myanmar,1207.0,38196.363,-4.0,1541088312.25453,0.0,7.095893221097532,1,0,1,0,1,-4.0,10.550495580637877
1988,Thailand,6089.0,53683.427,3.0,61667253471.3736,0.0,8.714239143608575,0,0,1,0,0,3.0,10.890859610889464
1989,Myanmar,1234.0,38721.319,-4.0,2013448228.72975,0.0,7.1180162044653335,1,0,1,0,1,-4.0,10.564145605892957
1989,Thailand,6735.0,54445.689,3.0,72250748099.9762,0.0,8.815073088844464,0,0,1,0,0,3.0,10.904958951672997
1990,Myanmar,1253.0,39242.996,-5.0,2115193513.29556,0.0,7.133295954896068,1,0,1,0,1,-5.0,10.577528261427325
1990,Thailand,7385.0,55196.722,3.0,85343190719.0107,0.0,8.90720619496548,0,0,1,0,0,3.0,10.918658846443913
1991,Myanmar,1205.0715,39884.70612,-5.0,2069832686.98061,0.0,7.094294180264024,1,0,1,0,1,-5.0,10.593748224134558
1991,Thailand,7849.7448,55936.02936,-1.0,98234714971.0612,0.0,8.968236300693867,0,0,1,0,0,-1.0,10.931963983900653
1992,Myanmar,1283.8255,40419.18012,-5.0,2411552288.76212,0.0,7.157599571587408,1,0,1,0,1,-5.0,10.607059706734075
1992,Thailand,8409.0209,56675.25997,9.0,111452746517.655,0.0,9.037060325262084,0,0,1,0,0,9.0,10.945093062396529
1993,Myanmar,1321.8102,41003.1508,-5.0,3163020034.63637,0.0,7.186757439756465,1,0,1,0,1,-5.0,10.621404191514216
1993,Thailand,8964.2922,57408.40383,9.0,128889262951.157,0.0,9.101004431444432,0,0,1,0,0,9.0,10.95794597977918
1994,Myanmar,1373.9629,41732.02121,-5.0,4432257173.6492,0.0,7.225454470962145,1,0,1,0,1,-5.0,10.639024007830805
1994,Thailand,9499.5175,58134.26543,9.0,146683778959.101,0.0,9.158996286825118,0,0,1,0,0,9.0,10.970510535433302
1995,Myanmar,1423.6505,42463.26136,-5.0,5289174942.53404,0.0,7.260979626454468,1,0,1,0,1,-5.0,10.656394542481777
1995,Thailand,10080.2083,58858.07055,9.0,169278916592.843,0.0,9.218329206094388,0,0,1,0,0,9.0,10.98288424092398
1996,Myanmar,1469.0317,43143.12703,-5.0,6123556716.81329,0.0,7.292358755246697,1,0,1,0,1,-5.0,10.672278402944379
1996,Thailand,10458.3586,59559.62843,9.0,183035237429.281,0.0,9.255156803699311,0,0,1,0,0,9.0,10.994733248195544
1997,Myanmar,1505.9805,43782.21703,-5.0,4722288495.66085,0.0,7.317199460068839,1,0,1,0,1,-5.0,10.686983010041368
1997,Thailand,9995.6182,60218.47769,9.0,150180456565.728,0.0,9.209902095947273,0,0,1,0,0,9.0,11.00573452257306
1998,Myanmar,1547.0283,44407.00152,-5.0,6459461639.30243,0.0,7.344091143876978,1,0,1,0,1,-5.0,10.701152427880148
1998,Thailand,9077.7478,60852.73492,9.0,113675596787.738,0.0,9.113581401180841,0,0,1,0,0,9.0,11.016212042680932
1999,Myanmar,1667.6612,45018.42037,-5.0,8486832800.88498,0.0,7.419177444781543,1,0,1,0,1,-5.0,10.714827026550614
1999,Thailand,9347.0609,61410.66273,9.0,126669211778.94,0.0,9.142817230620864,0,0,1,0,0,9.0,11.025338759155785
2000,Myanmar,1843.4945,45616.37871,-5.0,8905066163.58643,0.0,7.519418234214365,1,0,1,0,1,-5.0,10.728022113248821
2000,Thailand,9627.1043,61892.63797,9.0,126392224253.794,0.0,9.17233776383167,0,0,1,0,0,9.0,11.03315651735066
2001,Myanmar,1996.3737,46171.25618,-5.0,6477790688.22844,0.0,7.599087663795998,1,0,1,0,1,-5.0,10.740112722841546
2001,Thailand,9818.7205,62377.51195,9.0,120296476180.402,0.0,9.192046097543658,0,0,1,0,0,9.0,11.040960103986421
2002,Myanmar,2175.8834,46689.76691,-5.0,6777632512.0781,0.0,7.685190021981306,1,0,1,0,1,-5.0,10.751280295662951
2002,Thailand,10276.3983,62859.75384,9.0,134300904400.022,0.0,9.2376051176966,0,0,1,0,0,9.0,11.048661394340073
2003,Myanmar,2410.5698,47201.05496,-5.0,10467109977.6717,0.0,7.787618430074439,1,0,1,0,1,-5.0,10.762171522171329
2003,Thailand,10868.8355,63302.67389,9.0,152280615245.887,0.0,9.293654844661646,0,0,1,0,0,9.0,11.055682848788301
2004,Myanmar,2664.9413,47699.21698,-6.0,10567354056.4049,0.0,7.887937310090947,1,0,1,0,1,-6.0,10.77267026122807
2004,Thailand,11408.3257,63697.28267,9.0,172895685154.658,0.0,9.342098692386783,0,0,1,0,0,9.0,11.061897182408607
2005,Myanmar,2947.0989,48196.25036,-6.0,11986972418.5103,0.0,7.9885765417266725,1,0,1,0,1,-6.0,10.783036503651635
2005,Thailand,11742.1281,64068.25584,9.0,189318408468.595,0.0,9.370938346120065,0,0,1,0,0,9.0,11.067704291537378
2006,Myanmar,3246.6934,48673.70767,-6.0,14502553709.8303,0.0,8.085392342020814,1,0,1,0,1,-6.0,10.792894279708175
2006,Thailand,12180.7114,64420.4807,-5.0,221758296021.621,0.0,9.407608946783212,0,0,1,0,0,-5.0,11.073186884825683
2007,Myanmar,3542.5884,49151.45056,-6.0,20182477480.5512,0.0,8.172612925381927,1,0,1,0,1,-6.0,10.80266163805945
2007,Thailand,12694.7146,64757.26827,-1.0,262942621455.053,0.0,9.448941012594224,0,0,1,0,0,-1.0,11.078401224536213
2008,Myanmar,3585.7652,49504.88693,-6.0,31862554101.9378,0.0,8.184727175166941,1,0,1,0,1,-6.0,10.809826669542291
2008,Thailand,12768.1291,65079.49821,4.0,291382982430.951,0.0,9.454707430854011,0,0,1,0,0,4.0,11.083364850946765
2009,Myanmar,3673.4367,49896.47201,-6.0,36906181380.81271,0.0,8.208882933388796,1,0,1,0,1,-6.0,10.817705578037758
2009,Thailand,12543.3986,65375.52244,4.0,281710630187.319,0.0,9.436949798201079,0,0,1,0,0,4.0,11.087903192769327
2010,Myanmar,3772.9985,50284.70541,-6.0,49540813342.4834,0.0,8.23562532240261,1,0,1,0,1,-6.0,10.82545624245434
2010,Thailand,13343.5467,65650.00197,4.0,341104766329.17,0.0,9.498788153697783,0,0,1,0,0,4.0,11.092092909738557
2011,Myanmar,3884.0,50813.35626,-3.0,59977326085.9908,0.0,8.264620829411216,1,0,1,0,1,-3.0,10.835914517513498
2011,Thailand,13318.0,65912.39556,7.0,370818739623.622,0.0,9.496871782670567,0,0,1,0,0,7.0,11.09608179931253
2012,Myanmar,4124.0,51368.8763,-3.0,59937796648.2158,0.0,8.32457884513685,1,0,1,0,1,-3.0,10.84678774858706
2012,Thailand,14227.0,66166.53375,7.0,397558325278.579,0.0,9.562896846651167,0,0,1,0,0,7.0,11.099930081623134
2013,Myanmar,4424.0,51878.87531,-3.0,60269732854.827,0.0,8.39479954320217,1,0,1,0,1,-3.0,10.856666959513822
2013,Thailand,14562.0,66414.24573,7.0,420333654592.5471,0.0,9.586170674954657,0,0,1,0,0,7.0,11.103666856579732
2014,Myanmar,4728.0,52375.08813,-3.0,65531374210.3224,0.0,8.461257559085935,1,0,1,0,1,-3.0,10.866186339896053
2014,Thailand,14642.0,66654.57705,-3.0,407339040197.6511,0.0,9.591649390206587,0,0,1,0,0,-3.0,11.107278996167208
2015,Myanmar,5021.0,52900.8773,-3.0,59607290408.43591,0.0,8.521384396034705,1,0,1,0,1,-3.0,10.87617520182986
2015,Thailand,15020.0,66885.81071,-3.0,401296238228.084,0.0,9.617137925318126,0,0,1,0,0,-3.0,11.110742126610104
2016,Myanmar,5284.0,53416.31411,8.0,63298361983.56529,0.0,8.572438665642215,1,0,1,0,1,8.0,10.88587148596822
2016,Thailand,15454.0,67106.6292,-3.0,413366349747.508,0.0,9.645623148493529,0,0,1,0,0,-3.0,11.114038113906911
2017,Myanmar,5536.4261,53912.26678,8.0,66053040475.0257,0.0,8.619104463266185,1,0,1,0,1,8.0,10.895113315048295
2017,Thailand,16032.2158,67316.5179,-3.0,456356813536.764,0.0,9.68235546437284,0,0,1,0,0,-3.0,11.117160922368049
2018,Myanmar,5838.2173,54399.9982,8.0,67860515993.1186,0.0,8.672180772372602,1,0,1,0,1,8.0,10.904119399755798
2018,Thailand,16648.6237,67515.00451,-3.0,506754208404.485,0.0,9.720082831331348,0,0,1,0,0,-3.0,11.120105141195111
2019,Myanmar,5838.2173,54399.9982,8.0,75065106243.35779,0.0,8.672180772372602,1,0,1,0,1,8.0,10.904119399755798
2019,Thailand,16648.6237,67515.00451,-3.0,543976691793.886,0.0,9.720082831331348,0,0,1,0,0,-3.0,11.120105141195111
2020,Myanmar,5838.2173,54399.9982,8.0,79006113670.28311,0.0,8.672180772372602,1,0,1,0,1,8.0,10.904119399755798
2020,Thailand,16648.6237,67515.00451,-3.0,500461898480.246,0.0,9.720082831331348,0,0,1,0,0,-3.0,11.120105141195111
